<?xml version="1.0" encoding="UTF-8"?>
<project-private xmlns="http://www.netbeans.org/ns/project-private/1">
    <editor-bookmarks xmlns="http://www.netbeans.org/ns/editor-bookmarks/2" lastBookmarkId="0"/>
    <open-files xmlns="http://www.netbeans.org/ns/projectui-open-files/2">
        <group>
            <file>file:/C:/Users/Admin/Documents/NetBeansProjects/Group6Project/src/classes/User.java</file>
            <file>file:/C:/Users/Admin/Documents/NetBeansProjects/Group6Project/src/userFrame/employeeFrame/RefundTicket.java</file>
            <file>file:/C:/Users/Admin/Documents/NetBeansProjects/Group6Project/src/userFrame/employeeFrame/TicketsSold.java</file>
            <file>file:/C:/Users/Admin/Documents/NetBeansProjects/Group6Project/src/userFrame/employeeFrame/QueryReply.java</file>
            <file>file:/C:/Users/Admin/Documents/NetBeansProjects/Group6Project/src/userFrame/employeeFrame/PaymentConfirm.java</file>
            <file>file:/C:/Users/Admin/Documents/NetBeansProjects/Group6Project/src/classes/Employee.java</file>
        </group>
    </open-files>
</project-private>
